"V1","V2"
"1","Doc01.txt"
"2","Doc02.txt"
"3","Doc03.txt"
"4","Doc04.txt"
"5","Doc05.txt"
"6","Doc06.txt"
"7","Doc07.txt"
"8","Doc08.txt"
"9","Doc09.txt"
"10","Doc10.txt"
"11","Doc11.txt"
"12","Doc12.txt"
"13","Doc13.txt"
"14","Doc14.txt"
"15","Doc15.txt"
"16","Doc16.txt"
"17","Doc17.txt"
"18","Doc18.txt"
"19","Doc19.txt"
"20","Doc20.txt"
"21","Doc21.txt"
"22","Doc22.txt"
"23","Doc23.txt"
"24","Doc24.txt"
"25","Doc25.txt"
"26","Doc26.txt"
"27","Doc27.txt"
"28","Doc28.txt"
"29","Doc29.txt"
"30","Doc30.txt"
"31","Doc31.txt"
"32","Doc32.txt"
"33","Doc33.txt"
"34","Doc34.txt"
"35","Doc35.txt"
"36","Doc36.txt"
"37","Doc37.txt"
"38","Doc38.txt"
"39","Doc39.txt"
"40","Doc40.txt"
"41","Doc41.txt"
